[{"model": "admin.logentry", "pk": 2, "fields": {"action_time": "2024-05-09T08:54:39.682Z", "user": 2, "content_type": 4, "object_id": "1", "object_repr": "aslam", "action_flag": 3, "change_message": ""}}, {"model": "admin.logentry", "pk": 3, "fields": {"action_time": "2024-05-09T08:54:52.156Z", "user": 2, "content_type": 4, "object_id": "5", "object_repr": "Jhoon_rooney", "action_flag": 3, "change_message": ""}}, {"model": "admin.logentry", "pk": 4, "fields": {"action_time": "2024-05-13T11:07:27.997Z", "user": 2, "content_type": 4, "object_id": "4", "object_repr": "Jhon_rooney", "action_flag": 2, "change_message": "[{\"changed\": {\"fields\": [\"Active\", \"Staff status\"]}}]"}}, {"model": "admin.logentry", "pk": 5, "fields": {"action_time": "2024-05-13T11:07:45.798Z", "user": 2, "content_type": 4, "object_id": "4", "object_repr": "Jhon_rooney", "action_flag": 2, "change_message": "[{\"changed\": {\"fields\": [\"Staff status\"]}}]"}}, {"model": "admin.logentry", "pk": 6, "fields": {"action_time": "2024-05-13T14:27:35.342Z", "user": 2, "content_type": 8, "object_id": "1", "object_repr": "Jhon", "action_flag": 1, "change_message": "[{\"added\": {}}]"}}, {"model": "admin.logentry", "pk": 7, "fields": {"action_time": "2024-06-03T11:58:09.782Z", "user": 2, "content_type": 7, "object_id": "3", "object_repr": "Blog Title", "action_flag": 3, "change_message": ""}}, {"model": "admin.logentry", "pk": 8, "fields": {"action_time": "2024-06-03T11:58:16.091Z", "user": 2, "content_type": 7, "object_id": "1", "object_repr": "Blog Title", "action_flag": 3, "change_message": ""}}, {"model": "admin.logentry", "pk": 9, "fields": {"action_time": "2024-06-03T11:58:22.557Z", "user": 2, "content_type": 7, "object_id": "2", "object_repr": "Blog Title", "action_flag": 3, "change_message": ""}}, {"model": "admin.logentry", "pk": 10, "fields": {"action_time": "2024-06-04T15:10:35.389Z", "user": 2, "content_type": 7, "object_id": "4", "object_repr": "The Rise of Artificial Intelligence in Healthcare: Transforming Patient Care", "action_flag": 2, "change_message": "[{\"changed\": {\"fields\": [\"Featured image\"]}}]"}}, {"model": "admin.logentry", "pk": 11, "fields": {"action_time": "2024-06-04T15:11:25.813Z", "user": 2, "content_type": 7, "object_id": "9", "object_repr": "Thee Rise of Artificial Intelligence: Transforming Industries", "action_flag": 2, "change_message": "[{\"changed\": {\"fields\": [\"Featured image\", \"Author\"]}}]"}}, {"model": "admin.logentry", "pk": 12, "fields": {"action_time": "2024-06-04T15:12:03.673Z", "user": 2, "content_type": 7, "object_id": "7", "object_repr": "Cybersecurity Trends 2024: Protecting Against Emerging Threats", "action_flag": 2, "change_message": "[{\"changed\": {\"fields\": [\"Featured image\", \"Author\"]}}]"}}, {"model": "admin.logentry", "pk": 13, "fields": {"action_time": "2024-06-04T15:14:26.049Z", "user": 2, "content_type": 7, "object_id": "8", "object_repr": "The Impact of 5G Technology on the Internet of Things (IoT)", "action_flag": 2, "change_message": "[{\"changed\": {\"fields\": [\"Featured image\"]}}]"}}, {"model": "admin.logentry", "pk": 14, "fields": {"action_time": "2024-06-04T15:15:08.127Z", "user": 2, "content_type": 7, "object_id": "6", "object_repr": "The Future of Work: Embracing Remote Collaboration Tools and Technologies", "action_flag": 2, "change_message": "[{\"changed\": {\"fields\": [\"Featured image\"]}}]"}}, {"model": "admin.logentry", "pk": 15, "fields": {"action_time": "2024-06-04T15:15:43.083Z", "user": 2, "content_type": 7, "object_id": "5", "object_repr": "Blockchain Beyond Cryptocurrency: Real-World Applications and Impacts", "action_flag": 2, "change_message": "[{\"changed\": {\"fields\": [\"Author\"]}}]"}}, {"model": "admin.logentry", "pk": 16, "fields": {"action_time": "2024-06-04T15:15:52.184Z", "user": 2, "content_type": 7, "object_id": "8", "object_repr": "The Impact of 5G Technology on the Internet of Things (IoT)", "action_flag": 2, "change_message": "[{\"changed\": {\"fields\": [\"Author\"]}}]"}}, {"model": "admin.logentry", "pk": 17, "fields": {"action_time": "2024-06-04T15:16:23.050Z", "user": 2, "content_type": 7, "object_id": "9", "object_repr": "Thee Rise of Artificial Intelligence: Transforming Industries", "action_flag": 2, "change_message": "[]"}}, {"model": "admin.logentry", "pk": 18, "fields": {"action_time": "2024-06-04T15:16:31.268Z", "user": 2, "content_type": 7, "object_id": "5", "object_repr": "Blockchain Beyond Cryptocurrency: Real-World Applications and Impacts", "action_flag": 2, "change_message": "[]"}}, {"model": "admin.logentry", "pk": 19, "fields": {"action_time": "2024-06-04T15:16:42.144Z", "user": 2, "content_type": 7, "object_id": "6", "object_repr": "The Future of Work: Embracing Remote Collaboration Tools and Technologies", "action_flag": 2, "change_message": "[{\"changed\": {\"fields\": [\"Author\"]}}]"}}, {"model": "admin.logentry", "pk": 20, "fields": {"action_time": "2024-06-04T15:17:02.401Z", "user": 2, "content_type": 7, "object_id": "6", "object_repr": "The Future of Work: Embracing Remote Collaboration Tools and Technologies", "action_flag": 2, "change_message": "[]"}}, {"model": "admin.logentry", "pk": 21, "fields": {"action_time": "2024-06-04T15:17:42.348Z", "user": 2, "content_type": 7, "object_id": "4", "object_repr": "The Rise of Artificial Intelligence in Healthcare: Transforming Patient Care", "action_flag": 2, "change_message": "[{\"changed\": {\"fields\": [\"Author\"]}}]"}}, {"model": "admin.logentry", "pk": 22, "fields": {"action_time": "2024-06-04T15:17:50.570Z", "user": 2, "content_type": 7, "object_id": "4", "object_repr": "The Rise of Artificial Intelligence in Healthcare: Transforming Patient Care", "action_flag": 2, "change_message": "[]"}}, {"model": "admin.logentry", "pk": 23, "fields": {"action_time": "2024-06-04T15:20:54.626Z", "user": 2, "content_type": 7, "object_id": "10", "object_repr": "The Rise of AI in Everyday Life", "action_flag": 2, "change_message": "[{\"changed\": {\"fields\": [\"Author\"]}}]"}}, {"model": "admin.logentry", "pk": 24, "fields": {"action_time": "2024-06-04T15:28:11.941Z", "user": 2, "content_type": 7, "object_id": "11", "object_repr": "The Evolution of Smart Wearables", "action_flag": 2, "change_message": "[{\"changed\": {\"fields\": [\"Author\"]}}]"}}, {"model": "admin.logentry", "pk": 25, "fields": {"action_time": "2024-06-04T15:35:54.140Z", "user": 2, "content_type": 7, "object_id": "5", "object_repr": "Blockchain Beyond Cryptocurrency: Real-World Applications and Impacts", "action_flag": 2, "change_message": "[{\"changed\": {\"fields\": [\"Featured image\"]}}]"}}, {"model": "admin.logentry", "pk": 26, "fields": {"action_time": "2024-06-05T11:39:15.995Z", "user": 2, "content_type": 7, "object_id": "14", "object_repr": "The Evolution of E-Commerce in the Digital Age", "action_flag": 3, "change_message": ""}}, {"model": "admin.logentry", "pk": 27, "fields": {"action_time": "2024-06-09T01:09:13.932Z", "user": 2, "content_type": 9, "object_id": "65", "object_repr": "Gaming", "action_flag": 1, "change_message": "[{\"added\": {}}]"}}, {"model": "admin.logentry", "pk": 28, "fields": {"action_time": "2024-06-09T01:10:19.871Z", "user": 2, "content_type": 9, "object_id": "66", "object_repr": "Innovation", "action_flag": 1, "change_message": "[{\"added\": {}}]"}}, {"model": "admin.logentry", "pk": 29, "fields": {"action_time": "2024-06-09T01:11:26.919Z", "user": 2, "content_type": 9, "object_id": "67", "object_repr": "Cloud gaming", "action_flag": 1, "change_message": "[{\"added\": {}}]"}}, {"model": "admin.logentry", "pk": 30, "fields": {"action_time": "2024-06-09T01:11:55.696Z", "user": 2, "content_type": 9, "object_id": "68", "object_repr": "Video Games", "action_flag": 1, "change_message": "[{\"added\": {}}]"}}, {"model": "admin.logentry", "pk": 31, "fields": {"action_time": "2024-06-09T01:15:31.246Z", "user": 2, "content_type": 7, "object_id": "20", "object_repr": "The Evolution of Gaming: From Consoles to Cloud", "action_flag": 1, "change_message": "[{\"added\": {}}]"}}, {"model": "admin.logentry", "pk": 32, "fields": {"action_time": "2024-07-02T13:31:53.025Z", "user": 2, "content_type": 7, "object_id": "21", "object_repr": "Revolutionize Your Presentations with Pop AI: The Ultimate AI-Powered Presentation ToolRevolutionize Your Presentations with Pop AI: The Ultimate AI-Powered Presentation Tool", "action_flag": 3, "change_message": ""}}, {"model": "admin.logentry", "pk": 33, "fields": {"action_time": "2024-08-15T11:56:28.274Z", "user": 2, "content_type": 7, "object_id": "4", "object_repr": "The Rise of Artificial Intelligence in Healthcare: Transforming Patient Care", "action_flag": 2, "change_message": "[{\"changed\": {\"fields\": [\"Description\"]}}]"}}, {"model": "admin.logentry", "pk": 34, "fields": {"action_time": "2024-08-15T12:00:01.056Z", "user": 2, "content_type": 7, "object_id": "4", "object_repr": "The Rise of Artificial Intelligence in Healthcare: Transforming Patient Care", "action_flag": 2, "change_message": "[{\"changed\": {\"fields\": [\"Description\"]}}]"}}, {"model": "admin.logentry", "pk": 35, "fields": {"action_time": "2024-08-15T12:03:05.324Z", "user": 2, "content_type": 7, "object_id": "5", "object_repr": "Blockchain Beyond Cryptocurrency: Real-World Applications and Impacts", "action_flag": 2, "change_message": "[{\"changed\": {\"fields\": [\"Description\"]}}]"}}, {"model": "admin.logentry", "pk": 36, "fields": {"action_time": "2024-08-15T12:06:38.074Z", "user": 2, "content_type": 7, "object_id": "5", "object_repr": "Blockchain Beyond Cryptocurrency: Real-World Applications and Impacts", "action_flag": 2, "change_message": "[{\"changed\": {\"fields\": [\"Time to read\"]}}]"}}, {"model": "admin.logentry", "pk": 37, "fields": {"action_time": "2024-08-15T12:11:36.798Z", "user": 2, "content_type": 7, "object_id": "6", "object_repr": "The Future of Work: Embracing Remote Collaboration Tools and Technologies", "action_flag": 2, "change_message": "[{\"changed\": {\"fields\": [\"Description\", \"Time to read\"]}}]"}}, {"model": "admin.logentry", "pk": 38, "fields": {"action_time": "2024-08-15T12:13:30.033Z", "user": 2, "content_type": 7, "object_id": "7", "object_repr": "Cybersecurity Trends 2024: Protecting Against Emerging Threats", "action_flag": 2, "change_message": "[{\"changed\": {\"fields\": [\"Description\", \"Time to read\"]}}]"}}, {"model": "admin.logentry", "pk": 39, "fields": {"action_time": "2024-08-15T13:42:38.333Z", "user": 2, "content_type": 7, "object_id": "4", "object_repr": "Artificial Intelligence in Healthcare: Transforming Patient Care", "action_flag": 2, "change_message": "[{\"changed\": {\"fields\": [\"Title\"]}}]"}}, {"model": "admin.logentry", "pk": 40, "fields": {"action_time": "2024-08-16T13:47:24.444Z", "user": 2, "content_type": 7, "object_id": "11", "object_repr": "The Evolution of Smart Wearables", "action_flag": 2, "change_message": "[{\"changed\": {\"fields\": [\"Author\"]}}]"}}, {"model": "admin.logentry", "pk": 41, "fields": {"action_time": "2024-08-16T13:47:33.386Z", "user": 2, "content_type": 7, "object_id": "20", "object_repr": "The Evolution of Gaming: From Consoles to Cloud", "action_flag": 2, "change_message": "[{\"changed\": {\"fields\": [\"Author\"]}}]"}}, {"model": "admin.logentry", "pk": 42, "fields": {"action_time": "2024-08-16T13:47:40.833Z", "user": 2, "content_type": 7, "object_id": "16", "object_repr": "How to build An LLM with gemni", "action_flag": 2, "change_message": "[{\"changed\": {\"fields\": [\"Author\"]}}]"}}, {"model": "admin.logentry", "pk": 43, "fields": {"action_time": "2024-08-16T13:47:48.218Z", "user": 2, "content_type": 7, "object_id": "15", "object_repr": "The Evolution of E-Commerce in the Digital Age", "action_flag": 2, "change_message": "[{\"changed\": {\"fields\": [\"Author\"]}}]"}}, {"model": "admin.logentry", "pk": 44, "fields": {"action_time": "2024-08-18T15:47:25.702Z", "user": 2, "content_type": 10, "object_id": "1", "object_repr": "muhammed aslam", "action_flag": 1, "change_message": "[{\"added\": {}}]"}}, {"model": "admin.logentry", "pk": 45, "fields": {"action_time": "2024-08-18T15:47:30.628Z", "user": 2, "content_type": 10, "object_id": "1", "object_repr": "muhammed aslam", "action_flag": 2, "change_message": "[]"}}, {"model": "admin.logentry", "pk": 46, "fields": {"action_time": "2024-08-19T13:01:38.253Z", "user": 2, "content_type": 10, "object_id": "1", "object_repr": "This is my frist comment", "action_flag": 3, "change_message": ""}}, {"model": "admin.logentry", "pk": 47, "fields": {"action_time": "2024-08-19T13:02:36.001Z", "user": 2, "content_type": 7, "object_id": "4", "object_repr": "Artificial Intelligence in Healthcare: Transforming Patient Care", "action_flag": 2, "change_message": "[{\"changed\": {\"fields\": [\"Profile pic\"]}}]"}}, {"model": "admin.logentry", "pk": 48, "fields": {"action_time": "2024-08-19T13:08:11.501Z", "user": 2, "content_type": 10, "object_id": "1", "object_repr": "helloi", "action_flag": 1, "change_message": "[{\"added\": {}}]"}}, {"model": "admin.logentry", "pk": 49, "fields": {"action_time": "2024-08-19T13:39:56.498Z", "user": 2, "content_type": 10, "object_id": "1", "object_repr": "helloi", "action_flag": 2, "change_message": "[]"}}, {"model": "admin.logentry", "pk": 50, "fields": {"action_time": "2024-10-11T04:13:29.271Z", "user": 2, "content_type": 9, "object_id": "69", "object_repr": "VR", "action_flag": 1, "change_message": "[{\"added\": {}}]"}}, {"model": "admin.logentry", "pk": 51, "fields": {"action_time": "2024-10-11T04:16:32.106Z", "user": 2, "content_type": 7, "object_id": "21", "object_repr": "Virtual Reality: The Next Frontier", "action_flag": 1, "change_message": "[{\"added\": {}}]"}}, {"model": "admin.logentry", "pk": 52, "fields": {"action_time": "2024-10-11T04:19:19.581Z", "user": 2, "content_type": 9, "object_id": "70", "object_repr": "Innovation", "action_flag": 1, "change_message": "[{\"added\": {}}]"}}, {"model": "admin.logentry", "pk": 53, "fields": {"action_time": "2024-10-14T08:33:53.583Z", "user": 2, "content_type": 7, "object_id": "4", "object_repr": "Artificial Intelligence in Healthcare: Transforming Patient Care", "action_flag": 2, "change_message": "[{\"changed\": {\"fields\": [\"Description\"]}}]"}}, {"model": "admin.logentry", "pk": 54, "fields": {"action_time": "2024-10-14T08:35:38.781Z", "user": 2, "content_type": 7, "object_id": "5", "object_repr": "Blockchain Beyond Cryptocurrency: Real-World Applications and Impacts", "action_flag": 2, "change_message": "[{\"changed\": {\"fields\": [\"Description\"]}}]"}}, {"model": "admin.logentry", "pk": 55, "fields": {"action_time": "2024-10-14T08:36:42.948Z", "user": 2, "content_type": 7, "object_id": "6", "object_repr": "The Future of Work: Embracing Remote Collaboration Tools and Technologies", "action_flag": 2, "change_message": "[{\"changed\": {\"fields\": [\"Description\"]}}]"}}, {"model": "admin.logentry", "pk": 56, "fields": {"action_time": "2024-10-14T08:37:01.681Z", "user": 2, "content_type": 7, "object_id": "7", "object_repr": "Cybersecurity Trends 2024: Protecting Against Emerging Threats", "action_flag": 2, "change_message": "[{\"changed\": {\"fields\": [\"Description\"]}}]"}}, {"model": "admin.logentry", "pk": 57, "fields": {"action_time": "2024-10-14T08:39:00.295Z", "user": 2, "content_type": 7, "object_id": "7", "object_repr": "Cybersecurity Trends 2024: Protecting Against Emerging Threats", "action_flag": 2, "change_message": "[{\"changed\": {\"fields\": [\"Description\"]}}]"}}, {"model": "admin.logentry", "pk": 58, "fields": {"action_time": "2024-10-14T08:39:14.293Z", "user": 2, "content_type": 7, "object_id": "8", "object_repr": "The Impact of 5G Technology on the Internet of Things (IoT)", "action_flag": 2, "change_message": "[]"}}, {"model": "admin.logentry", "pk": 59, "fields": {"action_time": "2024-10-14T08:41:36.774Z", "user": 2, "content_type": 7, "object_id": "5", "object_repr": "Blockchain Beyond Cryptocurrency: Real-World Applications and Impacts", "action_flag": 2, "change_message": "[{\"changed\": {\"fields\": [\"Description\"]}}]"}}, {"model": "admin.logentry", "pk": 60, "fields": {"action_time": "2024-10-14T08:44:19.327Z", "user": 2, "content_type": 7, "object_id": "6", "object_repr": "The Future of Work: Embracing Remote Collaboration Tools and Technologies", "action_flag": 2, "change_message": "[{\"changed\": {\"fields\": [\"Description\"]}}]"}}, {"model": "auth.permission", "pk": 1, "fields": {"name": "Can add log entry", "content_type": 1, "codename": "add_logentry"}}, {"model": "auth.permission", "pk": 2, "fields": {"name": "Can change log entry", "content_type": 1, "codename": "change_logentry"}}, {"model": "auth.permission", "pk": 3, "fields": {"name": "Can delete log entry", "content_type": 1, "codename": "delete_logentry"}}, {"model": "auth.permission", "pk": 4, "fields": {"name": "Can view log entry", "content_type": 1, "codename": "view_logentry"}}, {"model": "auth.permission", "pk": 5, "fields": {"name": "Can add permission", "content_type": 2, "codename": "add_permission"}}, {"model": "auth.permission", "pk": 6, "fields": {"name": "Can change permission", "content_type": 2, "codename": "change_permission"}}, {"model": "auth.permission", "pk": 7, "fields": {"name": "Can delete permission", "content_type": 2, "codename": "delete_permission"}}, {"model": "auth.permission", "pk": 8, "fields": {"name": "Can view permission", "content_type": 2, "codename": "view_permission"}}, {"model": "auth.permission", "pk": 9, "fields": {"name": "Can add group", "content_type": 3, "codename": "add_group"}}, {"model": "auth.permission", "pk": 10, "fields": {"name": "Can change group", "content_type": 3, "codename": "change_group"}}, {"model": "auth.permission", "pk": 11, "fields": {"name": "Can delete group", "content_type": 3, "codename": "delete_group"}}, {"model": "auth.permission", "pk": 12, "fields": {"name": "Can view group", "content_type": 3, "codename": "view_group"}}, {"model": "auth.permission", "pk": 13, "fields": {"name": "Can add user", "content_type": 4, "codename": "add_user"}}, {"model": "auth.permission", "pk": 14, "fields": {"name": "Can change user", "content_type": 4, "codename": "change_user"}}, {"model": "auth.permission", "pk": 15, "fields": {"name": "Can delete user", "content_type": 4, "codename": "delete_user"}}, {"model": "auth.permission", "pk": 16, "fields": {"name": "Can view user", "content_type": 4, "codename": "view_user"}}, {"model": "auth.permission", "pk": 17, "fields": {"name": "Can add content type", "content_type": 5, "codename": "add_contenttype"}}, {"model": "auth.permission", "pk": 18, "fields": {"name": "Can change content type", "content_type": 5, "codename": "change_contenttype"}}, {"model": "auth.permission", "pk": 19, "fields": {"name": "Can delete content type", "content_type": 5, "codename": "delete_contenttype"}}, {"model": "auth.permission", "pk": 20, "fields": {"name": "Can view content type", "content_type": 5, "codename": "view_contenttype"}}, {"model": "auth.permission", "pk": 21, "fields": {"name": "Can add session", "content_type": 6, "codename": "add_session"}}, {"model": "auth.permission", "pk": 22, "fields": {"name": "Can change session", "content_type": 6, "codename": "change_session"}}, {"model": "auth.permission", "pk": 23, "fields": {"name": "Can delete session", "content_type": 6, "codename": "delete_session"}}, {"model": "auth.permission", "pk": 24, "fields": {"name": "Can view session", "content_type": 6, "codename": "view_session"}}, {"model": "auth.permission", "pk": 25, "fields": {"name": "Can add post", "content_type": 7, "codename": "add_post"}}, {"model": "auth.permission", "pk": 26, "fields": {"name": "Can change post", "content_type": 7, "codename": "change_post"}}, {"model": "auth.permission", "pk": 27, "fields": {"name": "Can delete post", "content_type": 7, "codename": "delete_post"}}, {"model": "auth.permission", "pk": 28, "fields": {"name": "Can view post", "content_type": 7, "codename": "view_post"}}, {"model": "auth.permission", "pk": 29, "fields": {"name": "Can add author", "content_type": 8, "codename": "add_author"}}, {"model": "auth.permission", "pk": 30, "fields": {"name": "Can change author", "content_type": 8, "codename": "change_author"}}, {"model": "auth.permission", "pk": 31, "fields": {"name": "Can delete author", "content_type": 8, "codename": "delete_author"}}, {"model": "auth.permission", "pk": 32, "fields": {"name": "Can view author", "content_type": 8, "codename": "view_author"}}, {"model": "auth.permission", "pk": 33, "fields": {"name": "Can add category", "content_type": 9, "codename": "add_category"}}, {"model": "auth.permission", "pk": 34, "fields": {"name": "Can change category", "content_type": 9, "codename": "change_category"}}, {"model": "auth.permission", "pk": 35, "fields": {"name": "Can delete category", "content_type": 9, "codename": "delete_category"}}, {"model": "auth.permission", "pk": 36, "fields": {"name": "Can view category", "content_type": 9, "codename": "view_category"}}, {"model": "auth.permission", "pk": 37, "fields": {"name": "Can add comment", "content_type": 10, "codename": "add_comment"}}, {"model": "auth.permission", "pk": 38, "fields": {"name": "Can change comment", "content_type": 10, "codename": "change_comment"}}, {"model": "auth.permission", "pk": 39, "fields": {"name": "Can delete comment", "content_type": 10, "codename": "delete_comment"}}, {"model": "auth.permission", "pk": 40, "fields": {"name": "Can view comment", "content_type": 10, "codename": "view_comment"}}, {"model": "auth.user", "pk": 2, "fields": {"password": "pbkdf2_sha256$720000$3UwspZ0Ew8C3NXl1WWU62v$ffnFIGQVw8eERIZ9gdRzGUoyQ+E7QIjnvp0z1kcJuBY=", "last_login": "2024-10-14T08:33:15.591Z", "is_superuser": true, "username": "admin", "first_name": "", "last_name": "", "email": "muhammedaslamks8@gmail.com", "is_staff": true, "is_active": true, "date_joined": "2024-04-23T13:49:48.946Z", "groups": [], "user_permissions": []}}, {"model": "auth.user", "pk": 4, "fields": {"password": "pbkdf2_sha256$720000$v1rqBVxjaakbiffWRqZib8$ucFw+cEBFZ54FEwN9ouXws6/2k3zUj4ppEqVbB3sZlk=", "last_login": "2024-05-13T10:16:17Z", "is_superuser": false, "username": "Jhon_rooney", "first_name": "Jhon", "last_name": "Rooney", "email": "aslam123@example.com", "is_staff": false, "is_active": false, "date_joined": "2024-05-08T12:19:31Z", "groups": [], "user_permissions": []}}, {"model": "auth.user", "pk": 6, "fields": {"password": "pbkdf2_sha256$720000$cnikllufLCHU5AjSXN0MAi$xT9SdKYnZcIIRmY6p//AzMp4neMKRDd8yPHHz7mmeU8=", "last_login": null, "is_superuser": false, "username": "blueunicorn22", "first_name": "Lily", "last_name": "Johnson", "email": "blueunicorn22@example.com", "is_staff": false, "is_active": true, "date_joined": "2024-06-04T12:20:40.046Z", "groups": [], "user_permissions": []}}, {"model": "auth.user", "pk": 7, "fields": {"password": "pbkdf2_sha256$720000$7faf0bBEQhRdMt6aIc5W3l$j5dJJH8/mQgPljbZZHZyqHgTZLSgZdUA0/wW+0KH/J4=", "last_login": "2024-06-05T11:17:09.153Z", "is_superuser": false, "username": "LivBenn", "first_name": "Olivia", "last_name": "Bennett", "email": "olivia.bennett@example.com", "is_staff": false, "is_active": true, "date_joined": "2024-06-04T12:35:21.150Z", "groups": [], "user_permissions": []}}, {"model": "auth.user", "pk": 8, "fields": {"password": "pbkdf2_sha256$720000$HNNtYtcWZUaFVburZiO2EL$Tp3q3i6qs931X1yAM9yyDLUeOoiOqbl+YUZvq5yshoo=", "last_login": "2024-10-14T08:31:40.166Z", "is_superuser": false, "username": "ECar23", "first_name": "Ethan", "last_name": "carter", "email": "ethan.carter@example.com", "is_staff": false, "is_active": true, "date_joined": "2024-06-04T13:03:54.735Z", "groups": [], "user_permissions": []}}, {"model": "auth.user", "pk": 9, "fields": {"password": "pbkdf2_sha256$720000$Jz4nvfrfJIrGmLQeQ5ukKX$6sQXucnhqMqTwxF15Kjczj4JEz0pRY35/T8xx5nW2VE=", "last_login": "2024-06-04T13:05:31.081Z", "is_superuser": false, "username": "AJ_2024", "first_name": "Ava", "last_name": "Jhonson", "email": "ava.johnson@example.com", "is_staff": false, "is_active": true, "date_joined": "2024-06-04T13:05:26.997Z", "groups": [], "user_permissions": []}}, {"model": "auth.user", "pk": 10, "fields": {"password": "pbkdf2_sha256$600000$wrhTAkSJI9h6VkBo5jFbnJ$9vkXpGR5qK8roa1MkM2Kykbka6f5x6I1BHlTa0w7Pg0=", "last_login": "2024-06-06T12:08:19.752Z", "is_superuser": false, "username": "LiMi89", "first_name": "Liam", "last_name": "Mitchell", "email": "liam.mitchell@example.com", "is_staff": false, "is_active": true, "date_joined": "2024-06-04T13:06:44.558Z", "groups": [], "user_permissions": []}}, {"model": "auth.user", "pk": 11, "fields": {"password": "pbkdf2_sha256$720000$g5m8MJYQMEaoeRzhR2AiA3$L7poGbUsyt1ly3CbrNemAlKtTLUSjk5TmpSq/tDyHS4=", "last_login": "2024-06-04T13:08:10.663Z", "is_superuser": false, "username": "EmmaD_91", "first_name": "Emma", "last_name": "Davis", "email": "emma.davis@example.com", "is_staff": false, "is_active": true, "date_joined": "2024-06-04T13:08:06.486Z", "groups": [], "user_permissions": []}}, {"model": "auth.user", "pk": 12, "fields": {"password": "pbkdf2_sha256$720000$TFQLILOw37P7QVXL0EMb3U$TCuCdxp1OM1HgEhs+sLUL8ZD9r6SByoBqXkk/40NYZA=", "last_login": "2024-06-04T15:32:25.304Z", "is_superuser": false, "username": "jhon_doe61", "first_name": "Jhon", "last_name": "Doe", "email": "fafime5524@acname.com", "is_staff": false, "is_active": true, "date_joined": "2024-06-04T15:32:20.858Z", "groups": [], "user_permissions": []}}, {"model": "auth.user", "pk": 13, "fields": {"password": "pbkdf2_sha256$720000$48klDV6cUmVTTAZ69Imxdp$wkrj5qxFjjpkpGi5h3sQj6lgqBxWKLPNJ6xB+y8xIrY=", "last_login": "2024-07-01T03:36:59.916Z", "is_superuser": true, "username": "nadil", "first_name": "", "last_name": "", "email": "", "is_staff": true, "is_active": true, "date_joined": "2024-07-01T03:36:49.444Z", "groups": [], "user_permissions": []}}, {"model": "contenttypes.contenttype", "pk": 1, "fields": {"app_label": "admin", "model": "logentry"}}, {"model": "contenttypes.contenttype", "pk": 2, "fields": {"app_label": "auth", "model": "permission"}}, {"model": "contenttypes.contenttype", "pk": 3, "fields": {"app_label": "auth", "model": "group"}}, {"model": "contenttypes.contenttype", "pk": 4, "fields": {"app_label": "auth", "model": "user"}}, {"model": "contenttypes.contenttype", "pk": 5, "fields": {"app_label": "contenttypes", "model": "contenttype"}}, {"model": "contenttypes.contenttype", "pk": 6, "fields": {"app_label": "sessions", "model": "session"}}, {"model": "contenttypes.contenttype", "pk": 7, "fields": {"app_label": "posts", "model": "post"}}, {"model": "contenttypes.contenttype", "pk": 8, "fields": {"app_label": "posts", "model": "author"}}, {"model": "contenttypes.contenttype", "pk": 9, "fields": {"app_label": "posts", "model": "category"}}, {"model": "contenttypes.contenttype", "pk": 10, "fields": {"app_label": "posts", "model": "comment"}}, {"model": "sessions.session", "pk": "322d6ir0yiltk6bhjbdwsv7ctwhvfid0", "fields": {"session_data": ".eJxVjEEOwiAQRe_C2pB2wAy4dO8ZCDMMUjWQlHbVeHdt0oVu_3vvbyrEdSlh7TKHKamLQnX63SjyU-oO0iPWe9Pc6jJPpHdFH7TrW0vyuh7u30GJvXxrfzaZIwtYdInAOBAxbMkTozM4ooExoTib2XL0MmQr6LInsIBgBvX-APTuN-k:1sEU4o:vkNwcVBgPJ1yDE_n9f5LMRyCROXt68vmv7cIOUVOjXo", "expire_date": "2024-06-18T13:19:46.094Z"}}, {"model": "sessions.session", "pk": "435g72uj688i17pvk3lvfyvdtr1uahxx", "fields": {"session_data": ".eJxVjDsOwjAQBe_iGll44y8lPWewdtc2DiBHipMKcXcSKQW0b2beW0RclxrXnuc4JnERWpx-N0J-5raD9MB2nyRPbZlHkrsiD9rlbUr5dT3cv4OKvW61LxQGKCE75uwKgjZsgbMFJESXSJEO4OzAns-baIxxyitFDoJXGMTnCwKcN90:1s4gKn:bunK5mobTvKEhNGgT8atq-3hV4zEMGkYOuUff8RHaeE", "expire_date": "2024-05-22T12:23:45.870Z"}}, {"model": "sessions.session", "pk": "44i1r6hpjpbyt9ts8vgjp9jqc64bz9mc", "fields": {"session_data": ".eJxVjMEOwiAQBf-FsyEgCywevfsNBFiQqoGktCfjv9smPeh1Zt57Mx_Wpfp15NlPxC5MsdMviyE9c9sFPUK7d556W-Yp8j3hhx381im_rkf7d1DDqNs6F1GUA6VRSESMWoCWRhnl7MaNTGCAINNZFsQQCySJVkAk66wmdOzzBa7ZNqs:1rzyfA:1iJXbpvNeo1vVAsKIOI0GnLWos5dxunsijo_If_DN9c", "expire_date": "2024-05-09T12:57:20.098Z"}}, {"model": "sessions.session", "pk": "53rr40bje39790edh59a4skoystzrv4u", "fields": {"session_data": ".eJxVjDsOwjAQRO_iGllrE_8o6TmDtWuvcQA5UpxUiLuTSCmgG817M28RcV1qXDvPccziIrQ4_XaE6cltB_mB7T7JNLVlHknuijxol7cp8-t6uH8HFXvd1oaUQ3AmG-2S80PwAQHOxvrsHTIRZFAwmISlWNLKMhQXtmg9MQQUny_IaTen:1sbJ7E:y4RLMKph0RXr_Uuf3b5UJ5cW_ZrzVi8sDawcCT0T6nQ", "expire_date": "2024-08-20T12:16:36.031Z"}}, {"model": "sessions.session", "pk": "58qjp6kmip7ftmbitfblttiqai7r5tfu", "fields": {"session_data": ".eJxVjDsOwjAQRO_iGllrE_8o6TmDtWuvcQA5UpxUiLuTSCmgG817M28RcV1qXDvPccziIrQ4_XaE6cltB_mB7T7JNLVlHknuijxol7cp8-t6uH8HFXvd1oaUQ3AmG-2S80PwAQHOxvrsHTIRZFAwmISlWNLKMhQXtmg9MQQUny_IaTen:1s8VXK:IMgBECBN2MGX2SGcJdb1STru8vjYjUurlSjffU99B98", "expire_date": "2024-06-02T01:40:30.015Z"}}, {"model": "sessions.session", "pk": "5zuqghdhoz2tvw0j0cvl3r3h52xx1arj", "fields": {"session_data": ".eJxVjEsOwjAMBe-SNYoaYhKXJfueoXJimxZQIvWzQtydVuoCtm9m3tv0tC5Dv84y9SObq3GNOf2OifJTyk74QeVeba5lmcZkd8UedLZdZXndDvfvYKB52GogJtDcKgNSBGGPngOgvzjn3dm3SdsU88ZUgsMcFQILISg0SCjm8wUYYzh_:1sFBul:08ZdK7EqGqKtQgiLxR1RxfmY3Ybs7WbfeBafdvaqO-s", "expire_date": "2024-06-20T12:08:19.902Z"}}, {"model": "sessions.session", "pk": "77q8kczvjubhd07jf1fckz5ivz2joek8", "fields": {"session_data": ".eJxVjDsOwjAQRO_iGllrE_8o6TmDtWuvcQA5UpxUiLuTSCmgG817M28RcV1qXDvPccziIrQ4_XaE6cltB_mB7T7JNLVlHknuijxol7cp8-t6uH8HFXvd1oaUQ3AmG-2S80PwAQHOxvrsHTIRZFAwmISlWNLKMhQXtmg9MQQUny_IaTen:1s8W6Y:LvdqTGu4hpL97FqeUBE-E0EVvytyCTj7-JKpLrQxR2o", "expire_date": "2024-06-02T02:16:54.037Z"}}, {"model": "sessions.session", "pk": "7he1dh1g148v0w01w0lg3wdet1vyr3gu", "fields": {"session_data": ".eJxVjLsOwjAMAP8lM4pSt3EaRvZ-Q2XHMS2gVOpjQvw7itQB1rvTvc1Ixz6Nx5bXcRZzNU1rLr-QKT1zqUYeVO6LTUvZ15ltTexpNzsskl-3s_0bTLRN9RuTeFKOiB0ruOgxcCsiCKoCTMLaYQ8tdT40jgB9cBhBiQWi9ubzBR6AOGw:1sO7qd:NXNqasKi3XLpafhA-BeEdOw1hHm5_VvI3QJB02mrx5Y", "expire_date": "2024-07-15T03:36:59.923Z"}}, {"model": "sessions.session", "pk": "8i5yuu2guqpncowcmydnlmxn2thjjkmo", "fields": {"session_data": ".eJxVjDsOwjAQRO_iGllrE_8o6TmDtWuvcQA5UpxUiLuTSCmgG817M28RcV1qXDvPccziIrQ4_XaE6cltB_mB7T7JNLVlHknuijxol7cp8-t6uH8HFXvd1oaUQ3AmG-2S80PwAQHOxvrsHTIRZFAwmISlWNLKMhQXtmg9MQQUny_IaTen:1s8W6b:8W6iFLmNgkDKiJfMJ1r_inODY3tBExnPIP8loEgzbaQ", "expire_date": "2024-06-02T02:16:57.180Z"}}, {"model": "sessions.session", "pk": "8n9r0ln9ryds9aizjrhuedr5022xgxru", "fields": {"session_data": ".eJxVjDsOwjAQRO_iGllrE_8o6TmDtWuvcQA5UpxUiLuTSCmgG817M28RcV1qXDvPccziIrQ4_XaE6cltB_mB7T7JNLVlHknuijxol7cp8-t6uH8HFXvd1oaUQ3AmG-2S80PwAQHOxvrsHTIRZFAwmISlWNLKMhQXtmg9MQQUny_IaTen:1s8W6p:uhU-tmSeViVUavTKYyopn3k_MjR8cFBKpY5WP0nRUrg", "expire_date": "2024-06-02T02:17:11.137Z"}}, {"model": "sessions.session", "pk": "8y756v47e4f3se1pe67q4ib2yiyazjsm", "fields": {"session_data": ".eJxVjDsOwjAQRO_iGllrE_8o6TmDtWuvcQA5UpxUiLuTSCmgG817M28RcV1qXDvPccziIrQ4_XaE6cltB_mB7T7JNLVlHknuijxol7cp8-t6uH8HFXvd1oaUQ3AmG-2S80PwAQHOxvrsHTIRZFAwmISlWNLKMhQXtmg9MQQUny_IaTen:1sEW4g:n-TkORLHprD6onrbSBPFCrHAE3cywit33_yKavtT02M", "expire_date": "2024-06-18T15:27:46.221Z"}}, {"model": "sessions.session", "pk": "c0yoposep1imyy9mwbhmzjjg7jbqhlz3", "fields": {"session_data": ".eJxVjDsOwjAQRO_iGllrE_8o6TmDtWuvcQA5UpxUiLuTSCmgG817M28RcV1qXDvPccziIrQ4_XaE6cltB_mB7T7JNLVlHknuijxol7cp8-t6uH8HFXvd1oaUQ3AmG-2S80PwAQHOxvrsHTIRZFAwmISlWNLKMhQXtmg9MQQUny_IaTen:1s8W6c:9Y2el8JvvWrogSYx1OZYKwfadWJZtYZAs4D5ihtxXKE", "expire_date": "2024-06-02T02:16:58.749Z"}}, {"model": "sessions.session", "pk": "i3bf6c5e5f3ud5kzi88u5atjrkmig24o", "fields": {"session_data": ".eJxVjDsOwjAQBe_iGll44y8lPWewdtc2DiBHipMKcXcSKQW0b2beW0RclxrXnuc4JnERWpx-N0J-5raD9MB2nyRPbZlHkrsiD9rlbUr5dT3cv4OKvW61LxQGKCE75uwKgjZsgbMFJESXSJEO4OzAns-baIxxyitFDoJXGMTnCwKcN90:1s4zYk:W2S14ytNzYBP4fVOjEFixSaj3HsvE41heWMeUkU5FWQ", "expire_date": "2024-05-23T08:55:26.236Z"}}, {"model": "sessions.session", "pk": "middoxywlgps9iwzy22ue0mom4kb9r4f", "fields": {"session_data": ".eJxVjDsOwjAQRO_iGllrE_8o6TmDtWuvcQA5UpxUiLuTSCmgG817M28RcV1qXDvPccziIrQ4_XaE6cltB_mB7T7JNLVlHknuijxol7cp8-t6uH8HFXvd1oaUQ3AmG-2S80PwAQHOxvrsHTIRZFAwmISlWNLKMhQXtmg9MQQUny_IaTen:1t0GVv:ykhiwElwXRhCwfGd9L5fQBtF5vS1Hv4EG04N-H8r8Ec", "expire_date": "2024-10-28T08:33:15.714Z"}}, {"model": "sessions.session", "pk": "ofppal47l9xoeaaodm9qhidxenlflut7", "fields": {"session_data": ".eJxVjDsOwjAQRO_iGllrE_8o6TmDtWuvcQA5UpxUiLuTSCmgG817M28RcV1qXDvPccziIrQ4_XaE6cltB_mB7T7JNLVlHknuijxol7cp8-t6uH8HFXvd1oaUQ3AmG-2S80PwAQHOxvrsHTIRZFAwmISlWNLKMhQXtmg9MQQUny_IaTen:1sbrOT:xpgTu14HXvWJSBJSwZj5GRApCVrkTK_mpVfBsfRTL18", "expire_date": "2024-08-22T00:52:41.748Z"}}, {"model": "sessions.session", "pk": "rnt0g6oj08jgnriw3fxk69k3kxipe738", "fields": {"session_data": ".eJxVjDsOwjAQRO_iGllrE_8o6TmDtWuvcQA5UpxUiLuTSCmgG817M28RcV1qXDvPccziIrQ4_XaE6cltB_mB7T7JNLVlHknuijxol7cp8-t6uH8HFXvd1oaUQ3AmG-2S80PwAQHOxvrsHTIRZFAwmISlWNLKMhQXtmg9MQQUny_IaTen:1s8W6V:a6fnLKA7r2NwYPt-9E63COilZc-H3vn_xehEntF4oDA", "expire_date": "2024-06-02T02:16:51.606Z"}}, {"model": "sessions.session", "pk": "slzy2ie79zardkpsby667ddfj2b7l6fg", "fields": {"session_data": ".eJxVjDsOwjAQRO_iGllrE_8o6TmDtWuvcQA5UpxUiLuTSCmgG817M28RcV1qXDvPccziIrQ4_XaE6cltB_mB7T7JNLVlHknuijxol7cp8-t6uH8HFXvd1oaUQ3AmG-2S80PwAQHOxvrsHTIRZFAwmISlWNLKMhQXtmg9MQQUny_IaTen:1sKSAx:1n41o1fQJMHPRUiUfoYNtsPLXQd8_5iDwk0fj4BPj5Y", "expire_date": "2024-07-05T00:30:47.885Z"}}, {"model": "sessions.session", "pk": "tm7194ffy3cynorsuphx33c1w32xqyht", "fields": {"session_data": ".eJxVjDsOwjAQRO_iGllrE_8o6TmDtWuvcQA5UpxUiLuTSCmgG817M28RcV1qXDvPccziIrQ4_XaE6cltB_mB7T7JNLVlHknuijxol7cp8-t6uH8HFXvd1oaUQ3AmG-2S80PwAQHOxvrsHTIRZFAwmISlWNLKMhQXtmg9MQQUny_IaTen:1sETtz:tvCAJr6ITmeyTFrmxe-mcRVlTi99svQP54PTuQzGiXo", "expire_date": "2024-06-18T13:08:35.735Z"}}, {"model": "sessions.session", "pk": "txhboz7jyaoc6xlc2wq757hfqjkpz1wf", "fields": {"session_data": ".eJxVjEEOwiAQRe_C2pASYACX7j0DGYZBqgaS0q6Md9cmXej2v_f-S0Tc1hq3wUucszgLJU6_W0J6cNtBvmO7dUm9rcuc5K7Igw557Zmfl8P9O6g46rd2EwS0RMZmVKA5GC42JA9aJ4vsGcgocDpzRmQMBbxHV4ymkNLkjHh_AO-iOHo:1rzGUW:zYly2wIPek9zeMYCIWvDbmRyGP3W2DxGYzBGm9Dj11g", "expire_date": "2024-05-07T13:47:24.474Z"}}, {"model": "posts.author", "pk": 1, "fields": {"name": "Jhon", "user": 4}}, {"model": "posts.author", "pk": 2, "fields": {"name": "admin", "user": 2}}, {"model": "posts.author", "pk": 3, "fields": {"name": "Ethan", "user": 8}}, {"model": "posts.author", "pk": 4, "fields": {"name": "Ava", "user": 9}}, {"model": "posts.author", "pk": 5, "fields": {"name": "Liam", "user": 10}}, {"model": "posts.author", "pk": 6, "fields": {"name": "Emma", "user": 11}}, {"model": "posts.author", "pk": 7, "fields": {"name": "LivBenn", "user": 7}}, {"model": "posts.author", "pk": 8, "fields": {"name": "Jhon", "user": 12}}, {"model": "posts.category", "pk": 1, "fields": {"title": "Technology"}}, {"model": "posts.category", "pk": 2, "fields": {"title": "Computer"}}, {"model": "posts.category", "pk": 3, "fields": {"title": "Coding"}}, {"model": "posts.category", "pk": 4, "fields": {"title": "AI"}}, {"model": "posts.category", "pk": 5, "fields": {"title": "healthcare technology"}}, {"model": "posts.category", "pk": 6, "fields": {"title": "machine learning"}}, {"model": "posts.category", "pk": 7, "fields": {"title": "predictive analytics"}}, {"model": "posts.category", "pk": 8, "fields": {"title": "patient care"}}, {"model": "posts.category", "pk": 9, "fields": {"title": "Blockchain"}}, {"model": "posts.category", "pk": 10, "fields": {"title": "cryptocurrency"}}, {"model": "posts.category", "pk": 11, "fields": {"title": "supply chain"}}, {"model": "posts.category", "pk": 12, "fields": {"title": "data security"}}, {"model": "posts.category", "pk": 13, "fields": {"title": "decentralized systems"}}, {"model": "posts.category", "pk": 14, "fields": {"title": "Remote work"}}, {"model": "posts.category", "pk": 15, "fields": {"title": "collaboration tools"}}, {"model": "posts.category", "pk": 16, "fields": {"title": "virtual teams"}}, {"model": "posts.category", "pk": 17, "fields": {"title": "productivity"}}, {"model": "posts.category", "pk": 18, "fields": {"title": "communication"}}, {"model": "posts.category", "pk": 19, "fields": {"title": "ybersecurity"}}, {"model": "posts.category", "pk": 20, "fields": {"title": "data protection"}}, {"model": "posts.category", "pk": 21, "fields": {"title": "threat detection"}}, {"model": "posts.category", "pk": 22, "fields": {"title": "cybersecurity trends"}}, {"model": "posts.category", "pk": 23, "fields": {"title": "information security"}}, {"model": "posts.category", "pk": 24, "fields": {"title": "5G"}}, {"model": "posts.category", "pk": 25, "fields": {"title": "Internet of Things"}}, {"model": "posts.category", "pk": 26, "fields": {"title": "connectivity"}}, {"model": "posts.category", "pk": 27, "fields": {"title": "IoT applications"}}, {"model": "posts.category", "pk": 28, "fields": {"title": "wireless technology"}}, {"model": "posts.category", "pk": 29, "fields": {"title": "Artificial Intelligence"}}, {"model": "posts.category", "pk": 30, "fields": {"title": "Industry Transformation"}}, {"model": "posts.category", "pk": 31, "fields": {"title": "Future of Work"}}, {"model": "posts.category", "pk": 32, "fields": {"title": "Smart Homes"}}, {"model": "posts.category", "pk": 33, "fields": {"title": "Virtual Assistants"}}, {"model": "posts.category", "pk": 34, "fields": {"title": "Smart Wearables"}}, {"model": "posts.category", "pk": 35, "fields": {"title": "Health Tech"}}, {"model": "posts.category", "pk": 36, "fields": {"title": "Fitness"}}, {"model": "posts.category", "pk": 37, "fields": {"title": "Lifestyle"}}, {"model": "posts.category", "pk": 38, "fields": {"title": "Autonomous Vehicles"}}, {"model": "posts.category", "pk": 39, "fields": {"title": "Transportation"}}, {"model": "posts.category", "pk": 40, "fields": {"title": "Self-Driving Cars"}}, {"model": "posts.category", "pk": 41, "fields": {"title": "Innovation"}}, {"model": "posts.category", "pk": 42, "fields": {"title": "Cloud Computing"}}, {"model": "posts.category", "pk": 43, "fields": {"title": "Business"}}, {"model": "posts.category", "pk": 44, "fields": {"title": "IT"}}, {"model": "posts.category", "pk": 45, "fields": {"title": "Understand the evolution of e-commerce in today's digital world."}}, {"model": "posts.category", "pk": 46, "fields": {"title": "E-Commerce"}}, {"model": "posts.category", "pk": 47, "fields": {"title": "Digital Transformation"}}, {"model": "posts.category", "pk": 48, "fields": {"title": "Online Shopping"}}, {"model": "posts.category", "pk": 49, "fields": {"title": "LLM"}}, {"model": "posts.category", "pk": 50, "fields": {"title": "Gemini"}}, {"model": "posts.category", "pk": 51, "fields": {"title": "language modeling"}}, {"model": "posts.category", "pk": 52, "fields": {"title": "AI development"}}, {"model": "posts.category", "pk": 53, "fields": {"title": "natural language processing"}}, {"model": "posts.category", "pk": 54, "fields": {"title": ""}}, {"model": "posts.category", "pk": 55, "fields": {"title": "career development"}}, {"model": "posts.category", "pk": 56, "fields": {"title": "developer"}}, {"model": "posts.category", "pk": 57, "fields": {"title": "future-proofing"}}, {"model": "posts.category", "pk": 58, "fields": {"title": "book publishing"}}, {"model": "posts.category", "pk": 59, "fields": {"title": "industry disruption"}}, {"model": "posts.category", "pk": 60, "fields": {"title": "job security"}}, {"model": "posts.category", "pk": 61, "fields": {"title": "data breach"}}, {"model": "posts.category", "pk": 62, "fields": {"title": "Ticketmaster"}}, {"model": "posts.category", "pk": 63, "fields": {"title": "cybersecurity"}}, {"model": "posts.category", "pk": 64, "fields": {"title": "personal information"}}, {"model": "posts.category", "pk": 65, "fields": {"title": "Gaming"}}, {"model": "posts.category", "pk": 66, "fields": {"title": "Innovation"}}, {"model": "posts.category", "pk": 67, "fields": {"title": "Cloud gaming"}}, {"model": "posts.category", "pk": 68, "fields": {"title": "Video Games"}}, {"model": "posts.category", "pk": 69, "fields": {"title": "VR"}}, {"model": "posts.category", "pk": 70, "fields": {"title": "Innovation"}}, {"model": "posts.category", "pk": 71, "fields": {"title": "Watches"}}, {"model": "posts.post", "pk": 4, "fields": {"title": "Artificial Intelligence in Healthcare: Transforming Patient Care", "short_description": "Discover how AI is reshaping healthcare for better patient care and operational efficiency.", "description": "The role of artificial intelligence (AI) in healthcare is skyrocketing far beyond previous limits. This is how it enriches the patient treatment and makes a difference in industry revolutionizing:\r\n\r\nImproved Diagnostics\r\n\r\nThat is, AI tools continue to excel at parsing through medical data. The AI can perform at a level that greatly exceeds human doctors in interpreting medical images like X-rays and MRIs, making earlier and more assured diagnoses than previously could be expected. The improved health of the patient will result in better outcomes and enable to cure at early stage.\r\n\r\n Tailored Treatments\r\n\r\nThe rise of AI is leading to personalized medicine Based on individual genetic, lifestyle, and medical history information in research and patient data records the use of artificial intelligence can provide more accurate treatment plans tailored to each unique person which are less likely than traditional methods.", "time_to_read": "8 min", "featured_image": "posts/health.jpg", "is_draft": false, "author": 3, "published_date": "2024-06-03T00:00:00Z", "is_deleted": false, "category": [4, 5, 6, 7, 8]}}, {"model": "posts.post", "pk": 5, "fields": {"title": "Blockchain Beyond Cryptocurrency: Real-World Applications and Impacts", "short_description": "Learn how blockchain is transforming various industries beyond finance.", "description": "Here's the text without emojis:\r\n\r\n**Blockchain Beyond Cryptocurrency: Real-World Applications**\r\n\r\nWhile blockchain technology is most commonly associated with cryptocurrency, its potential extends far beyond Bitcoin and Ethereum. Here's a look at how blockchain is making waves in various industries, transforming the way we operate and interact.\r\n\r\n**Secure Supply Chains**  \r\nBlockchain is revolutionizing supply chain management by providing transparent and tamper-proof records of transactions. Each step of the supply chain can be recorded on a blockchain, from the origin of raw materials to the final delivery of products. This transparency helps in tracing the source of issues, ensuring product authenticity, and reducing fraud.\r\n\r\n**Smart Contracts**  \r\nSmart contracts are self-executing agreements with the terms of the contract written directly into code. Once conditions are met, the contract automatically executes actions such as payments or data exchanges. This technology streamlines processes and reduces the need for intermediaries, making transactions faster and more secure.\r\n\r\n**Healthcare Records**  \r\nIn healthcare, blockchain is improving the management of patient records. By storing medical records on a secure, decentralized ledger, patients and healthcare providers can access and share information efficiently while maintaining privacy and security. This integration also facilitates better coordination of care and reduces administrative overhead.\r\n\r\n**Educational Credentials**  \r\nVerifying educational credentials can be a tedious process. Blockchain offers a solution by allowing institutions to issue diplomas and certificates on a tamper-proof ledger. This system simplifies verification, reduces fraud, and gives employers and institutions a reliable way to check qualifications.\r\n\r\n**Decentralized Voting**  \r\nBlockchain technology can enhance the integrity of voting systems. By recording votes on a blockchain, the process becomes more secure and transparent, reducing the risk of tampering or fraud. This application has the potential to increase trust in electoral processes and encourage greater voter participation.\r\n\r\n**Intellectual Property**  \r\nBlockchain provides a robust framework for managing intellectual property rights. Creators can register their work on a blockchain, establishing a clear record of ownership and ensuring they receive fair compensation for their creations. This application helps in preventing piracy and unauthorized use of intellectual property.\r\n\r\n**Real Estate Transactions**  \r\nThe real estate industry is benefiting from blockchain's ability to simplify and secure transactions. Blockchain can streamline the process of buying, selling, and transferring property by providing a clear, immutable record of ownership and reducing the need for intermediaries such as brokers and title companies.\r\n\r\n**Charity and Donations**  \r\nBlockchain is also making waves in the charitable sector. By tracking donations on a blockchain, organizations can provide donors with transparent records of how funds are used. This transparency helps build trust and ensures that donations are used effectively.\r\n\r\nBlockchain technology is far more than the foundation of cryptocurrencies. Its applications are transforming industries by enhancing security, transparency, and efficiency. As we continue to explore", "time_to_read": "5 min", "featured_image": "posts/blockchain.jpg", "is_draft": false, "author": 6, "published_date": "2024-06-03T00:00:00Z", "is_deleted": false, "category": [9, 10, 11, 12, 13]}}, {"model": "posts.post", "pk": 6, "fields": {"title": "The Future of Work: Embracing Remote Collaboration Tools and Technologies", "short_description": "Discover the latest tools and technologies powering remote work environments.", "description": "Here's the text without emojis:\r\n\r\nAs the workplace continues to evolve, remote collaboration tools and technologies are at the forefront of this transformation. Embracing these innovations is crucial for enhancing productivity and maintaining team cohesion, regardless of physical location.\r\n\r\n**Seamless Communication**  \r\nRemote collaboration tools like Slack, Microsoft Teams, and Zoom are revolutionizing how teams communicate. These platforms facilitate real-time messaging, video conferencing, and file sharing, enabling smooth and instant communication. Teams can hold meetings, brainstorm ideas, and address issues from anywhere in the world, bridging the gap between remote and in-office employees.\r\n\r\n**Project Management Efficiency**  \r\nTools such as Asana, Trello, and Monday.com are reshaping project management by allowing teams to track tasks, deadlines, and progress in a centralized space. These platforms offer features like task assignments, progress tracking, and collaborative workspaces, which streamline project workflows and ensure that everyone is on the same page.\r\n\r\n**Enhanced Collaboration**  \r\nCloud-based tools like Google Workspace and Microsoft 365 enable real-time document editing and sharing, making collaboration more effective. Team members can work on the same document simultaneously, see each other's changes in real time, and provide instant feedback, which speeds up the review and approval processes.\r\n\r\n**Data Security**  \r\nAs remote work becomes more prevalent, ensuring data security is paramount. Tools like LastPass and 1Password help manage and protect sensitive information by offering secure password storage and sharing. Additionally, VPNs and encrypted communication channels safeguard against unauthorized access and cyber threats, maintaining the integrity of business data.\r\n\r\n**Integrations and Automation**  \r\nMany remote collaboration tools offer integration capabilities with other software and automation features. For example, integrating project management tools with communication platforms can automate notifications and updates, reducing manual tasks and improving overall efficiency. Automation tools like Zapier connect different applications, streamlining workflows and reducing repetitive tasks.\r\n\r\n**Future Trends**  \r\nLooking ahead, the future of remote work will likely see advancements in virtual reality (VR) and augmented reality (AR) for more immersive collaboration experiences. These technologies have the potential to create virtual workspaces where teams can interact in 3D environments, enhancing engagement and making remote collaboration feel more like in-person meetings.\r\n\r\nEmbracing these remote collaboration tools and technologies is not just about adapting to current trends but preparing for a future where flexible work arrangements become the norm. By leveraging these innovations, teams can maintain productivity, foster creativity, and stay connected in an increasingly digital world.", "time_to_read": "84min", "featured_image": "posts/remote_work.jpg", "is_draft": false, "author": 1, "published_date": "2024-06-03T00:00:00Z", "is_deleted": false, "category": [14, 15, 16, 17, 18]}}, {"model": "posts.post", "pk": 7, "fields": {"title": "Cybersecurity Trends 2024: Protecting Against Emerging Threats", "short_description": "Stay informed about the latest cybersecurity trends and best practices.", "description": "Here is the text without emojis:\r\n\r\nAs we advance into 2024, the landscape of cybersecurity continues to evolve rapidly, with new threats and technologies shaping the future of digital protection. Staying ahead of these trends is crucial for safeguarding sensitive information and maintaining robust defenses against emerging threats.\r\n\r\nAdvanced Threat Detection\r\nArtificial Intelligence (AI) and Machine Learning (ML) are increasingly being used to enhance threat detection. These technologies analyze vast amounts of data to identify patterns and anomalies that may indicate a cyberattack. AI-driven security systems can detect and respond to threats faster than traditional methods, minimizing the impact of potential breaches.\r\n\r\nZero Trust Architecture\r\nThe Zero Trust model is gaining traction as a proactive approach to cybersecurity. Unlike traditional security models that assume trust within the network, Zero Trust assumes that threats could be both external and internal. It enforces strict verification processes for every access request, regardless of the user's location, ensuring that only authorized users and devices gain access to critical resources.\r\n\r\nRansomware Defense\r\nRansomware attacks have become more sophisticated, targeting organizations with increasingly complex and damaging payloads. To combat this, cybersecurity strategies are focusing on improved backup solutions, regular system updates, and advanced threat intelligence. Organizations are also investing in employee training to recognize phishing attempts and other tactics used by ransomware operators.\r\n\r\nEnhanced Privacy Protection\r\nWith data privacy regulations tightening globally, organizations are prioritizing compliance and data protection. Technologies like Data Loss Prevention (DLP) tools and encryption are being deployed to safeguard sensitive information and ensure that data handling practices adhere to legal standards. Companies are also adopting privacy-by-design principles to integrate data protection measures into their operations from the outset.\r\n\r\nSupply Chain Security\r\nCybersecurity threats are increasingly targeting supply chains, as attackers exploit vulnerabilities in third-party services and software. Organizations are enhancing their supply chain security by conducting thorough risk assessments, implementing stringent vetting processes for third-party vendors, and continuously monitoring for potential vulnerabilities within their supply chain ecosystem.\r\n\r\nQuantum Computing and Cryptography\r\nQuantum computing poses potential risks to current encryption methods, as its processing power could potentially break traditional cryptographic algorithms. In response, researchers and cybersecurity experts are developing quantum-resistant encryption techniques to future-proof data security against advancements in quantum computing.\r\n\r\nSecurity Automation\r\nTo keep up with the growing volume and complexity of cyber threats, organizations are increasingly relying on automation for cybersecurity. Automated systems can quickly respond to and mitigate threats, reducing the need for manual intervention and enabling faster incident response times. This trend is helping to improve overall security posture and reduce the burden on cybersecurity teams.", "time_to_read": "5 min", "featured_image": "posts/cyber_security.jpg", "is_draft": false, "author": 5, "published_date": "2024-06-03T00:00:00Z", "is_deleted": false, "category": [19, 20, 21, 22, 23]}}, {"model": "posts.post", "pk": 8, "fields": {"title": "The Impact of 5G Technology on the Internet of Things (IoT)", "short_description": "Learn about the synergy between 5G and IoT and its implications for the future.", "description": ": Explore how the rollout of 5G networks is accelerating the growth of IoT ecosystems, enabling faster connectivity, lower latency, and a multitude of new applications.", "time_to_read": "8 min", "featured_image": "posts/iot.webp", "is_draft": false, "author": 5, "published_date": "2024-06-03T00:00:00Z", "is_deleted": false, "category": [24, 25, 26, 27, 28]}}, {"model": "posts.post", "pk": 9, "fields": {"title": "Thee Rise of Artificial Intelligence: Transforming Industries", "short_description": "Delve into the transformative power of AI across industries.", "description": "Blog description", "time_to_read": "8 min", "featured_image": "posts/pexels-junior-teixeira-1064069-2047905.jpg", "is_draft": false, "author": 4, "published_date": "2024-06-04T00:00:00Z", "is_deleted": false, "category": [4, 29, 30, 31]}}, {"model": "posts.post", "pk": 10, "fields": {"title": "The Rise of AI in Everyday Life", "short_description": "Discover how AI is shaping our daily lives.", "description": "Blog description", "time_to_read": "8 min", "featured_image": "posts/vr.jpg", "is_draft": false, "author": 1, "published_date": "2024-06-04T00:00:00Z", "is_deleted": false, "category": [1, 4, 29, 32, 33]}}, {"model": "posts.post", "pk": 11, "fields": {"title": "The Evolution of Smart Watches", "short_description": "See how smart wearables are evolving and influencing our lives.", "description": "Blog description", "time_to_read": "8 min", "featured_image": "posts/smart_watches.jpg", "is_draft": false, "author": 2, "published_date": "2024-10-13T00:00:00Z", "is_deleted": true, "category": [1, 34, 35, 36, 37, 71]}}, {"model": "posts.post", "pk": 12, "fields": {"title": "Autonomous Vehicles: Driving into the Future", "short_description": "Discover the future of autonomous vehicles.", "description": "Blog description", "time_to_read": "8 min", "featured_image": "posts/tesla.jpg", "is_draft": false, "author": 8, "published_date": "2024-06-04T00:00:00Z", "is_deleted": false, "category": [1, 38, 39, 40, 41]}}, {"model": "posts.post", "pk": 13, "fields": {"title": "Cloud Computing: Benefits and Challenges", "short_description": "Explore the benefits and challenges of cloud computing.", "description": "Blog description", "time_to_read": "8 min", "featured_image": "posts/cloud.jpg", "is_draft": false, "author": 7, "published_date": "2024-06-05T00:00:00Z", "is_deleted": false, "category": [1, 41, 42, 43, 44]}}, {"model": "posts.post", "pk": 15, "fields": {"title": "The Evolution of E-Commerce in the Digital Age", "short_description": "nderstand the evolution of e-commerce in today's digital world.", "description": "Blog description", "time_to_read": "8 min", "featured_image": "posts/online_shopping_Z5qIQl5.jpg", "is_draft": false, "author": 2, "published_date": "2024-06-05T00:00:00Z", "is_deleted": false, "category": [1, 43, 46, 47, 48]}}, {"model": "posts.post", "pk": 16, "fields": {"title": "How to build An LLM with gemni", "short_description": "Learn to build a custom LLM with Gemini from scratch. This guide provides detailed instructions and insights for creating sophisticated language models for diverse applications.", "description": "Blog description", "time_to_read": "9 min", "featured_image": "posts/llm-gemn.jpg", "is_draft": false, "author": 2, "published_date": "2024-06-06T00:00:00Z", "is_deleted": false, "category": [6, 49, 50, 51, 52, 53, 54]}}, {"model": "posts.post", "pk": 17, "fields": {"title": "Adapting to AI: How Developers Can Future-Proof Their Careers", "short_description": "Learn how developers can stay ahead of the curve in the age of AI. This guide offers practical tips for future-proofing careers and thriving in a rapidly changing technological landscape.arn how developers can stay ahead of the curve in the age of AI. This guide offers practical tips for future-proofing careers and thriving in a rapidly changing technological landscape.", "description": "Blog description", "time_to_read": "3 min", "featured_image": "posts/future-of-work.jpg", "is_draft": false, "author": 3, "published_date": "2024-06-06T00:00:00Z", "is_deleted": false, "category": [4, 55, 56, 57]}}, {"model": "posts.post", "pk": 18, "fields": {"title": "Why the Book Publishing Industry Is Terrified of AI", "short_description": "Explore why the book publishing industry fears AI, touching on concerns over job security and creative contro", "description": "Blog description", "time_to_read": "6 min", "featured_image": "posts/book-publish.jpg", "is_draft": false, "author": 5, "published_date": "2024-06-06T00:00:00Z", "is_deleted": false, "category": [4, 58, 59, 60]}}, {"model": "posts.post", "pk": 19, "fields": {"title": "560 Million Ticketmaster Customers Exposed in Data Breach", "short_description": "Discover the alarming data breach affecting 560 million Ticketmaster customers, highlighting critical security vulnerabilities and the urgent need for enhanced data protection measures.", "description": "Blog description", "time_to_read": "5  min", "featured_image": "posts/ticketmaster.jpg", "is_draft": false, "author": 5, "published_date": "2024-06-06T00:00:00Z", "is_deleted": false, "category": [61, 62, 63, 64]}}, {"model": "posts.post", "pk": 20, "fields": {"title": "The Evolution of Gaming: From Consoles to Cloud", "short_description": "Explore the evolution of gaming technology.", "description": "Trace the history of gaming technology and the shift towards cloud gaming.", "time_to_read": "6 min", "featured_image": "posts/PS5.png", "is_draft": false, "author": 2, "published_date": "2024-06-09T01:15:16Z", "is_deleted": true, "category": [1, 65, 66, 67, 68]}}, {"model": "posts.post", "pk": 21, "fields": {"title": "Virtual Reality: The Next Frontier", "short_description": "Delve into the world of virtual reality and its applications in gaming, education, and beyond.", "description": "Virtual Reality (VR) is no longer confined to the gaming world; it's being applied across industries, from education to healthcare. VR creates immersive experiences, allowing users to interact with digital environments in a way that feels real. In education, for example, students can take virtual field trips to historical sites or explore scientific phenomena in a 3D environment, enhancing their learning experiences. In healthcare, VR is being used for pain management, surgical simulations, and even psychological therapy to treat anxiety and PTSD.\r\n\r\nThe entertainment and gaming industries remain significant drivers of VR technology, with more developers creating immersive worlds where users can socialize, play, and create. As the technology becomes more affordable and accessible, its applications are expanding into virtual workspaces and social platforms, offering new ways to collaborate and communicate. While the potential for VR is vast, there are still challenges in terms of hardware costs, user comfort, and content availability. However, VR's trajectory suggests that it will become a major player in how we experience both entertainment and work in the near future.", "time_to_read": "9", "featured_image": "posts/VR_vTYHeMj.jpg", "is_draft": false, "author": 7, "published_date": "2024-10-11T04:16:18Z", "is_deleted": false, "category": [1, 65, 69]}}]